FROM,TO,type
43,42,2
42,83,4
104,95,4
39,51,4
110,56,4
191,119,4
50,166,4
158,186,1
114,95,4
143,86,4
112,46,4
88,45,4
60,68,1
182,186,1
75,117,4
97,155,4
100,154,3
39,45,4
191,98,4
78,152,4
167,147,4
83,43,3
158,81,4
112,152,4
108,2,1
88,51,4
114,57,4
49,187,1
104,60,1
60,43,3
166,2,1
145,166,4
57,32,1
44,2,1
50,153,4
96,2,1
5,160,4
172,153,4
162,155,4
99,60,4
97,121,4
85,44,4
162,53,4
1,83,4
104,57,4
171,120,4
90,190,4
16,32,1
87,68,1
111,83,4
145,153,4
100,99,1
171,32,1
158,141,4
188,187,1
50,157,4
75,83,4
97,72,3
78,7,1
78,84,4
60,176,1
158,54,4
126,120,4
157,48,4
143,32,1
5,4,3
172,146,4
11,25,3
78,170,4
90,153,4
97,53,4
135,99,1
66,64,4
65,63,4
97,116,4
165,74,4
55,160,4
158,47,4
165,119,4
111,169,4
87,76,4
174,119,4
112,168,4
174,74,4
5,81,4
71,59,4
190,2,1
167,155,4
126,32,1
167,121,4
90,56,4
143,120,4
110,166,4
142,51,4
158,101,3
135,179,1
125,86,4
102,43,3
15,2,1
142,45,4
95,93,1
32,45,4
55,141,4
71,47,4
79,80,1
68,84,4
13,25,3
85,84,4
112,148,4
162,116,4
1,163,4
50,168,4
167,159,4
81,177,1
50,111,4
71,77,4
75,53,4
85,163,4
157,120,4
175,160,4
32,51,4
112,170,4
75,116,4
50,166,1
152,176,1
42,117,4
143,48,4
95,186,1
174,98,4
42,169,4
160,43,3
100,117,4
1,44,4
78,168,4
75,163,4
111,117,4
157,86,4
99,74,4
55,56,4
15,25,3
5,141,4
87,147,4
100,121,4
5,101,4
32,135,4
175,101,4
175,102,4
97,76,4
78,2,1
180,2,1
175,59,4
137,139,4
135,132,1
85,152,4
172,190,4
55,153,4
75,169,4
90,189,1
95,93,4
71,81,4
81,2,1
175,47,4
142,48,4
5,146,4
158,189,1
184,189,1
175,82,4
101,43,3
175,101,3
39,41,1
110,168,4
5,82,4
142,32,1
35,40,1
114,101,4
114,102,4
145,168,4
132,133,1
125,48,4
116,43,3
104,47,4
175,146,4
34,32,1
5,47,4
78,131,4
5,102,4
90,146,4
85,170,4
103,120,4
143,45,4
99,119,4
68,152,4
36,40,1
125,120,4
47,189,1
191,95,4
145,146,4
114,82,4
68,100,1
108,7,1
167,43,1
112,190,4
37,32,1
32,48,4
100,83,4
142,120,4
114,74,4
54,176,1
103,32,1
39,43,1
71,160,4
158,101,4
126,86,4
97,159,4
55,47,4
75,121,4
58,144,4
55,166,4
55,82,4
39,86,4
68,163,4
162,159,4
78,148,4
90,152,4
78,166,4
135,100,1
165,98,4
55,146,4
175,54,4
45,2,1
111,110,1
103,98,4
52,119,4
94,95,2
55,102,4
5,54,4
78,163,4
68,117,4
32,120,4
85,148,4
162,121,4
112,84,4
135,139,1
99,95,4
145,190,4
175,141,4
167,76,4
171,86,4
97,83,4
165,57,4
1,169,4
78,44,4
50,152,4
158,82,4
157,118,4
179,186,1
174,57,4
158,56,4
158,102,4
47,2,1
172,160,4
43,32,1
68,44,4
52,86,4
111,84,4
145,46,4
142,135,4
62,61,3
85,7,1
175,153,4
190,27,1
25,32,1
50,170,4
172,141,4
71,95,4
125,51,4
42,84,4
126,86,1
5,166,4
170,197,1
130,184,1
157,45,4
114,60,4
90,166,4
119,118,1
55,101,4
78,56,4
100,116,4
110,81,4
55,54,4
162,83,4
87,51,4
104,119,4
48,43,3
68,170,4
162,76,4
147,43,3
135,68,1
110,170,4
153,32,1
88,86,4
68,148,4
103,74,4
162,169,4
104,160,4
103,48,4
84,2,1
50,56,4
126,119,4
111,116,4
55,101,3
143,135,4
174,86,4
88,76,4
87,43,1
112,110,3
104,59,4
68,100,4
95,189,2
188,2,1
85,117,4
42,116,4
114,98,4
172,46,4
163,43,3
97,44,4
19,25,3
42,46,4
97,135,4
158,60,4
126,45,4
145,141,4
42,147,4
191,48,4
171,98,4
167,45,4
87,116,4
112,83,4
75,159,4
87,53,4
78,83,4
172,82,4
184,2,1
85,190,4
50,75,4
125,43,1
68,154,1
145,148,4
56,2,1
198,196,1
97,169,4
100,148,4
86,43,3
171,119,4
65,68,1
68,53,4
111,147,4
15,181,1
29,42,1
145,160,4
126,51,4
59,43,3
167,51,4
110,47,4
38,33,3
110,102,4
121,176,1
174,95,4
5,95,4
111,7,1
32,159,4
50,148,4
111,46,4
68,166,4
165,95,4
110,82,4
85,168,4
21,25,3
50,101,1
110,101,4
103,86,4
50,142,4
71,98,4
125,76,4
137,132,1
171,45,4
121,43,3
175,57,4
110,46,4
46,27,1
5,60,4
137,133,1
47,186,1
103,60,4
189,32,1
1,170,4
191,120,4
95,92,1
182,2,1
75,170,4
114,141,4
69,177,1
5,190,4
75,148,4
68,2,1
78,153,4
36,38,1
88,147,4
166,186,1
54,154,1
50,160,4
167,83,4
66,61,1
135,43,3
172,102,4
154,164,1
172,7,1
5,2,1
186,7,1
52,60,4
172,84,4
104,141,4
114,81,4
110,59,4
112,44,4
157,74,4
157,135,4
151,173,3
172,47,4
158,57,4
87,99,1
171,51,4
23,25,3
174,60,4
50,82,4
75,43,1
165,60,4
39,32,1
191,82,4
145,170,4
52,51,4
87,155,4
165,32,1
92,95,2
110,160,4
1,159,4
177,2,1
142,159,4
54,32,1
167,163,4
112,169,4
68,62,4
50,102,4
112,153,4
1,155,4
5,153,4
86,176,1
172,54,4
52,45,4
191,102,4
112,117,4
75,46,4
143,119,4
121,185,1
100,170,4
191,101,4
15,131,4
1,190,4
162,163,4
66,32,1
1,152,4
68,154,4
32,147,4
78,169,4
5,56,4
71,146,4
68,63,4
158,153,4
90,44,4
125,135,4
85,116,4
71,56,4
39,42,1
110,54,4
39,155,4
87,32,1
111,115,1
162,163,1
1,53,4
52,95,4
68,63,1
100,76,4
141,32,1
39,159,4
132,140,4
162,43,1
108,186,1
50,101,4
162,45,4
50,54,4
142,119,4
35,41,1
99,141,4
90,81,4
60,72,1
165,198,1
67,64,4
143,74,4
172,101,4
191,57,4
174,59,4
1,46,4
191,54,4
86,182,1
167,53,4
71,141,4
132,70,4
90,141,4
75,152,4
162,51,4
52,32,1
158,119,4
97,84,4
51,43,3
87,83,4
45,5,1
114,146,4
35,44,1
125,124,1
77,181,3
174,45,4
171,43,1
110,169,4
152,43,3
167,116,4
97,117,4
65,62,3
75,168,4
1,148,4
78,116,4
60,100,1
71,60,4
171,60,4
1,116,4
5,170,4
125,121,4
68,73,1
161,181,3
32,42,1
5,46,4
162,152,4
178,182,1
68,146,4
71,166,4
131,181,3
39,116,4
55,81,4
78,160,4
158,46,4
100,155,4
65,62,4
85,153,4
71,60,3
85,46,4
126,43,1
85,83,4
50,87,4
158,168,4
166,189,1
98,43,3
163,161,4
88,135,4
165,45,4
87,159,4
50,87,3
166,0,1
99,98,4
55,84,4
52,98,4
46,77,4
167,148,4
157,147,4
87,176,1
75,155,4
165,59,4
85,159,4
175,8,1
71,2,1
110,190,4
99,86,4
5,59,4
50,169,4
90,117,4
114,86,1
157,57,4
175,74,4
111,115,4
117,2,1
55,7,1
68,177,1
175,81,4
42,44,4
75,168,1
101,187,1
162,148,4
145,152,4
97,147,4
174,32,1
54,43,3
146,43,3
50,190,4
50,47,4
103,141,4
100,152,4
69,178,1
175,7,4
112,54,4
143,57,4
165,160,4
34,35,1
39,40,1
50,59,4
51,2,1
88,48,4
105,118,4
172,81,4
29,32,1
183,182,1
158,59,4
158,190,4
145,56,4
98,32,1
50,83,4
163,161,1
100,53,4
104,56,4
5,168,4
163,181,1
111,44,4
104,166,4
117,186,1
90,84,4
50,187,1
130,127,3
88,117,4
126,98,4
38,39,1
46,2,1
158,95,4
104,60,4
135,176,1
110,83,4
104,98,4
50,46,4
100,43,1
126,60,4
105,86,1
191,81,4
87,45,4
78,190,4
162,170,4
110,153,4
145,163,4
100,163,4
1,168,4
172,44,4
158,160,4
78,46,4
100,51,4
191,74,4
51,184,1
68,121,4
112,82,4
112,102,4
43,41,1
88,120,4
85,169,4
145,2,1
114,2,1
142,57,4
78,101,4
97,168,4
75,56,4
84,43,3
125,57,4
111,112,4
29,4,1
55,169,4
129,184,1
78,147,4
68,43,1
42,45,4
46,32,1
136,127,3
116,86,1
138,133,3
179,183,1
32,117,4
52,141,4
3,1,2
48,32,1
142,116,4
99,56,4
191,146,4
162,190,4
172,117,4
112,59,4
93,99,3
90,53,4
103,43,1
27,26,1
140,136,1
120,176,1
132,139,4
76,32,1
170,43,3
90,95,4
174,135,4
162,168,4
86,2,1
114,166,4
99,166,4
129,136,1
95,32,1
125,95,4
50,117,4
71,86,4
50,95,4
78,77,4
68,76,4
88,74,4
78,82,4
168,2,1
184,187,2
104,184,1
145,57,4
135,136,1
39,98,4
126,47,4
111,135,4
7,2,1
163,2,1
167,84,4
75,153,4
157,121,4
101,7,1
45,40,1
39,117,4
112,101,4
126,102,4
32,53,4
5,163,4
78,54,4
110,57,4
90,155,4
32,95,4
97,46,4
60,183,1
42,135,4
78,76,4
76,2,1
39,119,4
112,155,4
162,166,4
27,25,1
52,102,4
174,160,4
60,100,4
71,120,4
42,153,4
104,153,4
184,188,1
174,43,1
75,166,4
172,57,4
97,152,4
175,84,4
121,2,1
129,136,4
158,170,4
112,141,4
111,153,4
75,118,4
112,81,4
168,32,1
1,51,4
175,44,4
71,7,1
19,32,1
97,190,4
171,102,4
104,168,4
143,53,4
88,98,4
5,44,4
175,98,4
158,120,4
135,136,4
55,163,4
75,45,4
5,74,4
39,83,4
120,186,1
67,32,1
114,32,1
127,132,1
88,95,4
55,119,4
71,48,4
78,101,3
100,86,4
75,2,1
167,190,4
36,33,3
85,160,4
160,177,1
167,46,4
147,32,1
32,98,4
75,190,4
142,60,4
143,155,4
172,85,3
174,51,4
99,135,4
104,46,4
125,74,4
90,147,4
143,117,4
165,51,4
157,159,4
114,112,3
174,82,4
155,43,3
60,97,4
1,43,1
165,101,3
125,98,4
53,43,3
32,155,4
191,160,4
159,32,1
174,101,3
97,153,4
104,45,4
87,120,4
126,116,4
89,95,1
158,7,1
87,170,4
172,85,4
90,101,4
87,7,1
87,152,4
85,56,4
157,47,4
71,148,4
114,107,1
142,147,4
50,98,4
103,102,4
165,101,4
129,7,1
39,53,4
165,82,4
104,118,4
174,101,4
110,44,4
114,120,4
64,32,1
142,74,4
95,2,1
104,146,4
68,102,4
158,44,4
110,163,4
69,2,1
90,82,4
52,118,4
103,51,3
162,46,4
143,59,4
1,76,4
100,135,4
71,177,1
88,57,4
78,43,1
39,169,4
178,183,3
55,83,4
34,40,1
103,51,4
165,76,4
114,48,4
90,98,4
171,116,4
167,166,4
145,121,4
5,152,4
174,54,4
140,133,3
47,0,1
158,74,4
158,48,4
172,95,4
68,51,4
87,48,4
159,192,1
87,74,4
1,86,4
52,47,4
145,59,4
103,81,4
87,44,4
126,141,4
46,181,1
143,160,4
191,59,4
78,77,2
87,163,4
125,82,4
171,159,4
110,74,4
111,159,4
78,70,4
110,60,4
145,95,4
85,81,4
42,159,4
158,152,4
60,177,1
143,95,4
165,43,1
50,145,4
52,159,4
110,147,4
36,32,1
50,53,4
75,146,4
114,56,4
125,155,4
87,100,1
42,190,1
157,119,4
104,84,4
87,60,4
171,47,4
167,169,4
125,53,4
5,57,4
52,153,4
1,54,4
153,40,1
126,159,4
165,54,4
50,155,4
158,163,4
52,146,4
36,34,1
162,146,4
125,44,4
67,63,4
135,134,1
174,76,4
112,160,4
111,190,4
27,2,1
97,86,4
49,71,4
68,81,4
162,153,4
42,190,4
104,190,4
90,57,4
125,147,4
111,45,4
171,83,4
48,2,1
96,68,1
191,141,4
157,116,4
101,184,1
90,54,4
78,60,4
141,185,1
147,2,1
50,125,4
112,95,4
174,150,4
126,118,4
171,141,4
135,137,1
186,31,1
1,101,4
60,178,4
125,186,1
176,177,1
172,59,4
142,43,1
180,189,1
125,148,4
160,71,4
165,86,4
111,114,1
50,141,4
163,70,4
125,160,4
32,141,4
32,84,4
75,84,4
1,48,4
50,81,4
112,98,4
171,118,4
126,83,4
163,162,1
175,95,4
42,170,4
1,121,4
71,44,4
17,26,3
175,53,4
78,51,4
114,160,4
75,102,4
39,102,4
85,53,4
97,163,4
125,54,4
187,188,2
88,59,4
75,81,4
114,148,4
85,155,4
99,82,4
5,86,4
110,76,4
142,76,4
126,117,4
111,170,4
75,141,4
99,59,4
51,7,1
68,190,4
90,160,4
50,84,4
114,186,2
99,160,4
82,43,3
126,153,4
97,119,4
1,82,4
111,121,4
175,155,4
103,116,4
103,190,4
54,93,4
145,54,4
100,54,4
167,146,4
49,184,1
1,120,4
14,186,1
110,152,4
68,116,4
112,56,4
42,121,4
32,148,4
191,32,1
85,166,4
62,32,1
174,121,4
111,86,4
181,2,1
130,32,2
153,2,1
143,98,4
179,178,1
165,48,4
174,48,4
110,43,1
114,54,4
145,101,3
104,81,4
99,120,4
139,133,3
148,43,3
69,32,1
103,168,4
42,76,4
55,184,1
99,147,4
95,99,1
165,7,1
100,101,4
55,116,4
111,168,4
145,120,4
143,148,4
175,166,4
68,168,4
33,40,1
69,186,2
100,120,4
95,94,1
44,43,3
145,101,4
143,118,4
42,168,4
78,135,4
160,60,1
143,146,4
143,141,4
162,84,4
85,2,1
99,48,4
71,74,4
142,163,4
165,147,4
97,51,4
55,152,4
188,32,2
90,186,1
119,32,1
125,101,4
42,86,4
55,190,4
142,152,4
95,90,1
111,76,4
90,148,4
39,81,4
104,169,4
198,194,1
97,45,4
4,3,3
186,184,1
5,48,4
55,60,4
1,147,4
175,2,1
97,43,1
157,76,4
112,146,4
111,114,4
88,160,4
55,46,4
125,101,3
165,121,4
142,177,1
5,121,4
112,107,1
87,86,4
158,86,4
63,32,1
39,141,4
111,43,1
191,148,4
170,168,1
110,86,4
179,177,1
71,54,4
191,166,4
10,32,1
112,53,4
5,120,4
158,121,4
99,44,4
74,43,3
143,56,4
15,77,4
103,45,4
100,48,4
103,46,4
71,70,4
68,97,4
50,126,4
145,48,4
68,66,1
82,168,1
68,46,4
57,43,3
145,44,4
103,47,4
104,102,4
86,69,1
78,181,1
68,119,4
111,60,4
142,121,4
23,32,1
100,44,4
59,58,1
112,2,1
50,165,4
174,147,4
145,7,1
50,146,4
78,86,4
87,121,4
136,32,1
55,170,4
100,147,4
158,135,4
165,120,4
175,56,4
191,2,1
70,181,3
88,155,4
85,118,4
121,179,1
55,45,4
86,179,1
187,32,1
103,119,4
114,176,1
97,60,4
68,45,4
191,3,3
184,7,1
88,53,4
145,74,4
135,73,1
179,178,4
100,74,4
85,141,4
21,32,1
90,59,4
171,117,4
32,3,1
172,166,4
68,72,1
126,81,4
71,101,4
142,86,4
34,2,1
68,169,4
60,182,1
157,43,1
87,135,4
184,7,4
100,82,4
184,8,1
68,159,4
50,158,4
68,153,4
42,163,4
50,104,4
172,148,4
186,189,1
14,32,1
119,2,1
32,146,4
125,59,4
71,82,4
87,177,1
162,81,4
157,60,4
172,98,4
1,135,4
120,68,1
95,176,1
88,148,4
78,121,4
191,56,4
99,101,4
175,148,4
145,147,4
145,82,4
71,70,1
68,47,4
103,159,4
52,117,4
167,117,4
141,179,1
191,53,4
132,161,4
172,155,4
143,166,4
174,7,1
39,84,4
171,81,4
71,57,4
35,33,3
112,166,4
12,32,1
71,68,1
159,2,1
111,152,4
5,1,1
42,60,4
34,33,3
172,2,1
174,120,4
85,146,4
115,114,4
165,135,4
157,163,4
111,163,4
162,117,4
42,43,1
157,152,4
49,60,1
103,153,4
175,32,1
52,81,4
111,51,4
97,170,4
68,83,4
172,56,4
42,152,4
55,168,4
157,51,4
110,121,4
115,114,3
99,57,4
5,135,4
108,101,3
114,59,4
103,83,4
46,70,4
42,51,4
99,54,4
172,53,4
90,95,2
191,155,4
45,32,1
104,53,4
134,135,1
111,98,4
167,101,4
1,98,4
126,170,4
112,120,4
52,148,4
85,175,3
112,113,1
111,74,4
167,59,4
12,2,1
100,60,4
190,42,1
167,102,4
172,45,4
68,65,1
114,53,4
78,120,4
64,68,1
114,116,4
119,8,1
1,74,4
167,82,4
111,119,4
157,168,4
39,56,4
55,135,4
190,32,1
149,148,3
179,182,1
135,127,1
49,188,1
126,152,4
171,7,1
143,168,4
172,51,4
135,93,4
165,44,4
171,46,4
112,48,4
82,2,1
165,163,4
42,74,4
191,163,4
5,43,1
66,63,4
32,1,1
110,45,4
103,169,4
171,152,4
87,186,1
10,25,3
129,127,1
100,93,4
143,190,4
144,59,3
32,166,4
143,2,1
167,47,4
100,57,4
158,159,4
142,153,4
87,141,4
90,86,4
165,169,4
126,84,4
191,169,4
170,196,1
142,166,4
125,153,4
169,43,3
110,51,4
104,155,4
197,196,1
87,54,4
126,7,1
125,166,4
32,153,4
88,56,4
61,32,2
148,100,1
175,135,4
103,163,4
99,117,4
85,119,4
167,81,4
75,98,4
99,116,4
142,56,4
143,7,1
55,43,1
167,141,4
32,2,1
96,32,1
97,95,4
157,7,1
16,2,1
52,152,4
108,86,1
99,83,4
162,57,4
165,148,4
71,147,4
12,25,3
75,60,4
5,76,4
114,117,4
162,60,4
75,74,4
171,84,4
171,168,4
85,98,4
87,81,4
103,84,4
95,43,3
75,95,4
41,40,1
186,180,3
132,138,4
172,135,4
166,32,1
97,59,4
174,44,4
99,53,4
143,46,4
39,146,4
71,53,4
157,170,4
143,170,4
90,48,4
132,2,1
175,43,1
39,153,4
165,83,4
87,47,4
46,161,4
162,95,4
52,84,4
45,42,1
68,61,1
145,86,4
174,163,4
5,159,4
110,135,4
67,62,3
32,56,4
184,180,3
112,86,4
142,2,1
14,25,3
71,159,4
75,119,4
97,102,4
1,119,4
104,117,4
0,186,1
142,190,4
88,166,4
84,32,1
126,168,4
125,168,4
2,28,1
158,76,4
162,102,4
32,190,4
186,118,4
162,82,4
55,118,4
97,82,4
71,155,4
99,155,4
71,121,4
68,64,1
104,83,4
42,95,4
135,0,1
1,57,4
50,48,4
95,154,1
118,7,3
189,2,1
191,5,1
55,159,4
88,190,4
162,47,4
100,119,4
68,98,4
29,5,4
87,101,4
97,54,4
32,168,4
58,59,1
5,147,4
142,7,1
1,60,4
103,170,4
16,25,3
35,27,1
97,141,4
87,102,4
55,51,4
95,68,1
172,86,4
60,73,1
126,190,4
68,120,4
157,84,4
87,101,3
157,153,4
67,62,4
174,46,4
143,84,4
111,95,4
162,59,4
114,147,4
90,51,4
191,84,4
122,123,1
168,43,3
68,32,2
87,189,2
158,155,4
158,147,4
81,79,1
103,117,4
126,169,4
162,54,4
50,120,4
55,76,4
87,56,4
97,57,4
175,159,4
174,83,4
104,159,4
76,43,3
171,190,4
175,121,4
116,186,2
145,135,4
165,152,4
103,152,4
163,0,1
5,51,4
104,121,4
71,117,4
52,46,4
104,176,1
97,101,4
9,26,3
162,101,4
142,170,4
125,170,4
154,72,3
191,116,4
71,116,4
85,74,4
100,59,4
75,57,4
50,51,4
158,51,4
39,33,3
171,169,4
114,44,4
88,141,4
125,56,4
105,186,1
175,76,4
114,155,4
145,45,4
110,48,4
68,64,4
157,46,4
171,153,4
162,141,4
118,2,1
38,42,1
103,44,4
52,169,4
110,120,4
167,54,4
191,46,4
78,74,4
108,32,1
39,166,4
100,95,4
145,118,4
78,48,4
163,77,4
172,118,4
167,57,4
75,101,4
125,2,1
88,146,4
174,151,4
97,47,4
87,166,4
42,119,4
88,153,4
52,83,4
157,190,4
149,177,1
78,98,4
191,83,4
75,101,3
85,120,4
87,82,4
125,152,4
43,28,2
172,159,4
117,86,1
112,45,4
32,4,4
103,148,4
68,74,4
39,54,4
36,39,1
158,43,1
174,169,4
126,46,4
68,48,4
142,168,4
114,163,4
104,116,4
180,32,1
190,41,1
71,135,4
191,121,4
99,84,4
88,102,4
39,47,4
55,86,4
87,2,1
87,95,4
87,93,4
132,131,1
86,186,1
32,54,4
42,120,4
52,166,4
143,169,4
47,43,3
39,59,4
142,160,4
174,190,4
103,53,4
165,190,4
99,76,4
71,163,4
114,43,1
75,47,4
20,25,3
39,101,4
100,160,4
185,186,1
54,2,1
42,102,4
145,76,4
143,44,4
125,141,4
68,60,4
111,120,4
163,186,1
87,190,4
157,44,4
39,170,4
78,45,4
42,101,4
110,159,4
42,82,4
39,46,4
103,184,1
49,71,3
174,53,4
5,53,4
42,47,4
171,146,4
52,116,4
165,2,1
165,53,4
174,155,4
142,54,4
112,119,4
165,168,4
111,101,4
135,186,1
158,53,4
42,48,4
142,81,4
125,81,4
32,82,4
32,47,4
171,163,4
112,74,4
172,120,4
132,131,4
52,2,1
117,32,1
29,2,1
99,152,4
104,148,4
105,2,1
97,74,4
87,184,1
22,25,3
99,43,1
167,153,4
52,56,4
85,57,4
38,40,1
38,32,1
51,32,1
148,177,1
39,152,4
111,48,4
1,47,4
88,101,4
52,53,4
125,84,4
32,81,4
103,2,1
126,146,4
165,116,4
5,116,4
87,57,4
100,141,4
85,48,4
179,32,1
144,2,1
114,135,4
32,46,4
174,166,4
27,32,1
52,190,4
87,168,4
42,54,4
120,2,1
5,42,1
90,76,4
42,81,4
88,54,4
39,148,4
162,119,4
115,112,1
104,76,4
24,25,3
55,121,4
71,118,4
142,82,4
95,100,4
111,47,4
55,48,4
162,98,4
99,170,4
32,102,4
111,101,3
103,166,4
157,83,4
50,105,4
1,59,4
87,153,4
75,160,4
114,76,4
32,160,4
186,185,1
167,98,4
99,148,4
99,121,4
174,116,4
78,57,4
167,56,4
174,2,1
85,95,4
108,118,4
165,153,4
90,74,4
142,59,4
142,44,4
143,81,4
148,68,1
143,83,4
71,181,1
179,176,2
1,42,1
5,155,4
174,152,4
53,32,1
50,108,4
55,147,4
32,59,4
142,46,4
88,84,4
145,32,1
75,59,4
88,82,4
165,155,4
162,160,4
129,130,4
65,61,1
157,169,4
167,119,4
167,60,4
85,47,4
119,7,4
111,57,4
50,119,4
93,95,2
78,95,4
55,117,4
87,46,4
27,24,4
158,32,1
90,120,4
1,160,4
5,45,4
85,59,4
167,95,4
175,120,4
143,153,4
27,11,1
85,102,4
171,184,1
71,76,4
39,190,4
150,173,3
175,147,4
85,82,4
99,163,4
32,169,4
171,166,4
165,159,4
171,148,4
97,81,4
104,170,4
103,146,4
143,101,3
47,32,1
165,170,4
143,82,4
174,170,4
157,101,3
27,10,1
143,47,4
174,56,4
86,32,1
171,53,4
39,95,4
126,2,1
152,2,1
111,81,4
39,168,4
158,83,4
143,102,4
52,168,4
157,81,4
165,46,4
167,160,4
90,91,1
111,54,4
15,70,4
42,57,4
142,102,4
139,136,1
129,130,1
157,101,4
52,163,4
71,43,1
85,101,4
114,121,4
112,57,4
126,166,4
88,44,4
175,48,4
125,146,4
162,56,4
171,2,1
110,116,4
190,43,3
40,27,1
145,155,4
142,47,4
157,54,4
55,120,4
142,83,4
50,55,4
50,45,4
117,43,3
1,95,4
191,117,4
71,51,4
163,189,1
85,54,4
174,148,4
171,56,4
114,84,4
172,48,4
104,163,4
103,76,4
126,163,4
27,23,1
90,135,4
27,20,4
166,43,3
32,101,4
27,12,4
29,40,1
27,15,1
68,86,4
110,119,4
39,160,4
121,186,1
71,161,4
145,53,4
100,56,4
126,148,4
81,32,1
172,74,4
27,24,1
111,82,4
111,112,1
126,155,4
27,21,4
142,169,4
27,11,4
88,81,4
27,14,1
111,102,4
32,57,4
87,119,4
121,32,1
184,32,2
39,190,1
52,155,4
141,43,3
1,32,2
171,170,4
174,168,4
158,116,4
157,102,4
145,43,1
191,44,4
143,101,4
95,91,1
27,22,4
78,159,4
87,160,4
27,10,4
27,13,1
67,61,1
104,43,1
157,82,4
87,59,4
172,147,4
142,101,4
191,147,4
75,32,1
46,43,3
158,45,4
171,155,4
104,152,4
167,168,4
101,188,1
103,121,4
141,2,1
56,43,3
178,2,1
145,51,4
18,25,3
27,23,4
126,53,4
100,98,4
143,54,4
126,186,1
65,64,4
50,159,4
145,98,4
63,61,3
27,12,1
95,89,1
52,170,4
97,120,4
104,51,4
191,28,1
175,117,4
126,56,4
68,141,4
78,119,4
142,101,3
90,116,4
104,2,1
27,19,1
99,153,4
112,147,4
167,120,4
135,2,1
27,16,4
57,40,1
78,102,4
110,117,4
167,152,4
116,32,1
68,160,4
145,60,4
162,86,4
126,101,3
78,59,4
88,83,4
171,147,4
52,43,1
27,20,1
52,160,4
27,17,4
52,76,4
125,116,4
27,15,4
50,60,4
126,59,4
111,118,4
71,168,4
52,54,4
100,166,4
158,148,4
141,186,1
111,146,4
42,146,4
54,100,4
85,135,4
100,153,4
103,160,4
99,51,4
87,148,4
90,60,4
27,21,1
112,121,4
50,116,4
27,18,4
171,59,4
27,14,4
39,35,1
142,95,4
1,45,4
97,48,4
59,2,1
172,83,4
191,45,4
188,180,3
78,47,4
0,32,1
1,146,4
27,22,1
99,45,4
5,169,4
112,159,4
27,19,4
27,13,4
27,16,1
49,176,1
143,116,4
157,155,4
167,170,4
126,82,4
141,68,1
55,98,4
52,82,4
32,83,4
81,43,3
1,56,4
55,187,2
39,60,4
114,153,4
41,32,1
95,177,1
71,152,4
91,95,2
18,32,1
32,116,4
126,76,4
55,74,4
126,54,4
112,76,4
141,176,1
103,54,4
55,148,4
52,59,4
88,60,4
114,168,4
175,163,4
71,190,4
103,135,4
88,119,4
167,48,4
143,60,4
142,155,4
175,119,4
1,153,4
143,147,4
120,185,1
32,44,1
114,86,4
135,32,1
171,82,4
5,119,4
171,101,3
50,78,4
71,46,4
68,82,4
165,118,4
110,95,4
88,163,4
174,118,4
50,171,4
149,176,1
99,146,4
71,170,4
165,146,4
191,1,1
39,44,4
125,117,4
145,117,4
90,121,4
55,188,1
174,173,1
191,135,4
115,2,1
32,60,4
100,168,4
112,47,4
27,17,1
32,119,4
171,101,4
97,166,4
104,86,4
71,184,1
88,116,4
165,81,4
177,176,1
5,148,4
120,43,3
120,179,1
50,57,4
85,43,1
75,51,4
78,161,4
158,169,4
40,2,1
68,135,4
27,18,1
85,45,4
39,74,4
68,54,4
142,53,4
171,54,4
104,32,1
135,130,1
143,121,4
157,117,4
165,141,4
126,101,4
87,169,4
55,44,4
143,159,4
85,51,4
52,121,4
99,168,4
75,86,4
64,61,3
32,44,4
174,47,4
63,177,1
171,57,4
59,32,1
112,116,4
32,31,1
102,2,1
188,189,1
90,83,4
145,119,4
175,83,4
138,136,1
111,160,4
5,83,4
81,60,1
171,160,4
165,102,4
174,159,4
50,174,4
7,8,3
153,43,3
103,82,4
71,84,4
27,9,4
68,147,4
158,98,4
50,163,4
165,56,4
90,102,4
171,95,4
165,47,4
175,46,4
174,102,4
100,146,4
103,147,4
172,116,4
157,141,4
103,56,4
167,86,4
135,130,4
83,32,1
85,147,4
5,98,4
110,53,4
172,169,4
54,177,1
126,160,4
32,74,4
171,76,4
99,190,4
191,76,4
174,153,4
132,77,4
114,170,4
145,83,4
86,189,1
15,161,4
52,101,4
90,163,4
39,163,4
45,43,3
1,166,4
125,102,4
126,95,4
42,141,4
111,141,4
174,141,4
40,28,1
157,156,1
156,157,2
112,135,4
52,101,3
110,98,4
83,2,1
100,190,4
172,119,4
78,81,4
142,176,1
50,143,4
137,32,1
68,67,1
191,190,4
157,160,4
53,2,1
71,45,4
88,121,4
115,107,1
110,148,4
105,7,1
137,136,1
100,45,4
55,57,4
155,2,1
126,121,4
78,155,4
157,95,4
174,146,4
172,175,1
142,117,4
68,56,4
176,186,1
104,71,4
100,46,4
165,166,4
191,47,4
152,177,1
172,121,4
37,40,1
191,42,1
114,51,4
88,169,4
175,86,4
27,9,1
73,2,1
129,128,1
191,153,4
75,76,4
50,147,4
116,2,1
50,44,4
111,59,4
42,160,4
125,163,4
87,98,4
160,32,1
51,118,4
104,177,1
191,159,4
138,2,1
158,2,1
157,59,4
171,121,4
103,155,4
140,2,1
39,57,4
42,59,4
110,155,4
97,146,4
145,116,4
40,32,1
35,190,1
68,155,4
78,53,4
175,169,4
50,74,4
125,60,4
114,152,4
88,152,4
39,82,4
158,166,4
145,81,4
103,95,4
152,100,1
68,57,4
88,47,4
175,190,4
172,152,4
132,181,1
99,159,4
88,170,4
155,32,1
99,81,4
55,155,4
90,43,1
52,57,4
110,84,4
71,119,4
86,68,1
192,193,1
170,2,1
60,154,4
145,84,4
159,43,3
100,84,4
75,82,4
68,95,4
32,76,4
162,135,4
186,32,1
99,47,4
88,159,4
175,184,1
142,141,4
162,44,4
145,159,4
39,120,4
143,163,4
50,52,4
100,159,4
172,76,4
75,54,4
39,76,4
88,46,4
86,177,1
111,155,4
142,84,4
100,81,4
142,148,4
32,170,4
50,76,4
191,86,4
50,43,1
78,146,4
105,32,1
60,154,1
1,102,4
71,169,4
172,170,4
137,140,4
69,0,1
55,95,4
169,2,1
39,121,4
39,28,1
100,47,4
81,71,4
40,44,1
104,54,4
104,135,4
66,62,3
39,48,4
54,99,1
71,83,4
90,169,4
167,44,4
90,159,4
121,68,1
126,135,4
175,60,4
125,169,4
75,147,4
114,169,4
157,148,4
157,146,4
145,47,4
148,176,1
163,131,4
78,117,4
55,2,1
32,43,1
190,44,1
99,46,4
186,2,1
97,98,4
85,60,4
167,74,4
130,129,1
191,168,4
145,169,4
103,57,4
90,47,4
39,147,4
1,141,4
88,43,1
50,135,4
124,122,1
133,136,2
104,101,3
158,146,4
100,169,4
196,199,1
126,57,4
170,32,1
175,116,4
32,152,4
87,117,4
175,51,4
171,135,4
32,191,4
158,117,4
66,62,4
60,32,1
160,2,1
55,53,4
97,160,4
42,32,1
29,5,1
172,168,4
104,120,4
103,101,4
191,60,4
52,48,4
42,2,1
42,53,4
142,98,4
32,163,4
197,194,1
175,45,4
50,121,4
157,56,4
129,118,4
22,32,1
87,118,4
184,118,4
40,37,1
104,147,4
148,2,1
114,46,4
48,153,1
142,118,4
175,152,4
114,45,4
71,153,4
111,166,4
104,7,1
111,148,4
11,32,1
75,44,4
87,146,4
152,68,1
96,97,2
90,170,4
68,101,4
149,32,1
104,82,4
32,86,4
55,59,4
90,46,4
111,53,4
104,101,4
82,32,1
105,101,3
165,84,4
175,170,4
52,135,4
45,153,1
65,32,1
52,74,4
174,84,4
196,195,3
162,147,4
112,60,4
90,119,4
57,2,1
143,152,4
125,83,4
52,147,4
169,32,1
1,81,4
68,59,4
104,74,4
20,32,1
32,121,4
52,44,4
46,131,4
48,45,1
114,47,4
42,148,4
143,76,4
172,43,1
90,45,4
158,118,4
75,48,4
165,117,4
75,135,4
191,43,1
174,81,4
1,84,4
118,119,2
88,168,4
5,117,4
142,146,4
125,47,4
104,48,4
99,169,4
42,155,4
86,100,1
97,56,4
114,83,4
103,59,4
74,2,1
121,100,1
50,86,4
143,51,4
145,102,4
85,121,4
191,51,4
101,118,4
104,44,4
90,168,4
111,56,4
75,7,1
50,175,4
87,84,4
78,141,4
1,117,4
116,176,1
157,98,4
125,159,4
54,100,1
191,152,4
137,138,4
162,48,4
143,43,1
165,196,1
162,74,4
191,170,4
114,159,4
139,2,1
172,163,4
175,168,4
167,135,4
157,53,4
126,48,4
125,45,4
157,166,4
110,146,4
99,102,4
112,163,4
100,102,4
71,102,4
149,2,1
37,36,1
119,184,1
148,32,1
42,56,4
171,44,4
42,166,4
15,32,1
54,68,1
75,120,4
153,189,1
5,84,4
112,51,4
125,46,4
114,119,4
97,148,4
39,135,4
24,32,1
52,120,4
52,7,1
141,100,1
172,184,1
126,74,4
158,84,4
49,2,1
60,2,1
157,2,1
171,48,4
112,43,1
149,186,1
111,2,1
85,86,4
13,32,1
78,118,4
125,190,4
174,117,4
42,98,4
71,131,4
126,147,4
85,76,4
171,74,4
114,190,4
172,60,4
110,141,4
125,119,4
119,43,3
126,44,4
162,120,4
